{"K": [[355.0, 0.0, 128.0], [0.0, 355.0, 128.0], [0.0, 0.0, 1.0]], "RT": [[-0.8090169429779053, 0.0, -0.5877853035926819, -1.3477666281567458e-07], [-0.20103442668914795, 0.9396926760673523, 0.27670010924339294, -2.842017411561499e-09], [0.5523375272750854, 0.3420201539993286, -0.7602273225784302, -2.0000001117728443], [0.0, 0.0, 0.0, 1.0]], "RT_": [[-0.8090169429779053, -0.20103442668914795, 0.5523375272750854, 1.1046749283720405], [0.0, 0.9396926760673523, 0.3420201539993286, 0.6840402866513374], [-0.5877853035926819, 0.27670010924339294, -0.7602273225784302, -1.5204545994090661], [0.0, 0.0, 0.0, 1.0]]}