{"K": [[355.0, 0.0, 128.0], [0.0, 355.0, 128.0], [0.0, 0.0, 1.0]], "RT": [[-1.0, 0.0, -1.2956951955800378e-08, -2.4351104626723785e-08], [-4.431538691562764e-09, 0.9396926164627075, 0.3420201539993286, 2.301716251803829e-08], [1.2175552122073441e-08, 0.3420201539993286, -0.9396926164627075, -1.9999999991762536], [0.0, 0.0, 0.0, 1.0]], "RT_": [[-1.0, -4.431538691562764e-09, 1.2175552122073441e-08, -3.452374680683551e-16], [0.0, 0.9396926164627075, 0.3420201539993286, 0.6840402866513374], [-1.2956951955800378e-08, 0.3420201539993286, -0.9396926164627075, -1.8793852415718169], [0.0, 0.0, 0.0, 1.0]]}