{"K": [[355.0, 0.0, 128.0], [0.0, 355.0, 128.0], [0.0, 0.0, 1.0]], "RT": [[-0.9510564804077148, 0.0, 0.30901703238487244, 8.878105974660516e-08], [0.10569005459547043, 0.9396926164627075, 0.32528048753738403, 1.6069416013265287e-08], [-0.2903810143470764, 0.3420201539993286, -0.8937007784843445, -2.000000000698484], [0.0, 0.0, 0.0, 1.0]], "RT_": [[-0.9510564804077148, 0.10569005459547043, -0.2903810143470764, -0.5807619786231576], [0.0, 0.9396926164627075, 0.3420201539993286, 0.6840402866513374], [0.30901703238487244, 0.32528048753738403, -0.8937007784843445, -1.7874015806258177], [0.0, 0.0, 0.0, 1.0]]}