{"K": [[355.0, 0.0, 128.0], [0.0, 355.0, 128.0], [0.0, 0.0, 1.0]], "RT": [[0.8090170621871948, 0.0, -0.5877852439880371, -8.753700739217869e-08], [-0.20103435218334198, 0.9396926164627075, -0.27670007944107056, -8.968781310785798e-08], [0.5523374676704407, 0.3420201241970062, 0.760227382183075, -2.0000001161692547], [0.0, 0.0, 0.0, 1.0]], "RT_": [[0.8090170621871948, -0.20103435218334198, 0.5523374676704407, 1.104674928372041], [0.0, 0.9396926164627075, 0.3420201241970062, 0.6840402866513374], [-0.5877852439880371, -0.27670007944107056, 0.760227382183075, 1.520454599409066], [0.0, 0.0, 0.0, 1.0]]}