{"K": [[355.0, 0.0, 128.0], [0.0, 355.0, 128.0], [0.0, 0.0, 1.0]], "RT": [[1.0, 0.0, -1.2956950179443538e-08, 2.4351100827948335e-08], [-4.4315378033843444e-09, 0.9396926760673523, -0.3420201241970062, -7.376486069102506e-08], [1.2175551233895021e-08, 0.3420201241970062, 0.9396926760673523, -2.000000090810354], [0.0, 0.0, 0.0, 1.0]], "RT_": [[1.0, -4.4315378033843444e-09, 1.2175551233895021e-08, 1.1507915602278503e-16], [0.0, 0.9396926760673523, 0.3420201241970062, 0.6840402866513374], [-1.2956950179443538e-08, -0.3420201241970062, 0.9396926760673523, 1.8793852415718169], [0.0, 0.0, 0.0, 1.0]]}