{"K": [[355.0, 0.0, 128.0], [0.0, 355.0, 128.0], [0.0, 0.0, 1.0]], "RT": [[0.9510565400123596, 0.0, 0.30901697278022766, 5.2372487557634003e-08], [0.10569002479314804, 0.9396926760673523, -0.32528048753738403, -4.201061791893423e-08], [-0.29038098454475403, 0.3420201241970062, 0.8937008380889893, -2.0000000695418754], [0.0, 0.0, 0.0, 1.0]], "RT_": [[0.9510565400123596, 0.10569002479314804, -0.29038098454475403, -0.5807619786231571], [-0.0, 0.9396926760673523, 0.3420201241970062, 0.6840402866513374], [0.30901697278022766, -0.32528048753738403, 0.8937008380889893, 1.7874015806258179], [0.0, 0.0, 0.0, 1.0]]}