{"K": [[355.0, 0.0, 128.0], [0.0, 355.0, 128.0], [0.0, 0.0, 1.0]], "RT": [[0.5877853035926819, 0.0, -0.8090169429779053, -1.347766623096787e-07], [-0.27670007944107056, 0.9396926760673523, -0.20103439688682556, -8.107697392539097e-08], [0.7602273225784302, 0.3420201241970062, 0.5523375272750854, -2.0000000913868554], [0.0, 0.0, 0.0, 1.0]], "RT_": [[0.5877853035926819, -0.27670007944107056, 0.7602273225784302, 1.520454599409066], [0.0, 0.9396926760673523, 0.3420201241970062, 0.6840402866513374], [-0.8090169429779053, -0.20103439688682556, 0.5523375272750854, 1.104674928372041], [0.0, 0.0, 0.0, 1.0]]}