{"K": [[355.0, 0.0, 128.0], [0.0, 355.0, 128.0], [0.0, 0.0, 1.0]], "RT": [[0.5877853035926819, 0.0, 0.8090169429779053, 1.3477666201901854e-07], [0.27670007944107056, 0.9396926760673523, -0.20103439688682556, -8.107697393626353e-08], [-0.7602273225784302, 0.3420201241970062, 0.5523375272750854, -2.000000091386855], [0.0, 0.0, 0.0, 1.0]], "RT_": [[0.5877853035926819, 0.27670007944107056, -0.7602273225784302, -1.5204545994090657], [-0.0, 0.9396926760673523, 0.3420201241970062, 0.6840402866513374], [0.8090169429779053, -0.20103439688682556, 0.5523375272750854, 1.1046749283720412], [0.0, 0.0, 0.0, 1.0]]}