{"K": [[355.0, 0.0, 128.0], [0.0, 355.0, 128.0], [0.0, 0.0, 1.0]], "RT": [[0.3090170919895172, 0.0, 0.9510564804077148, 1.9531849609497593e-07], [0.32528045773506165, 0.9396926164627075, -0.10569006204605103, -3.287228814994478e-08], [-0.8937007784843445, 0.3420201241970062, 0.2903810739517212, -2.0000000149286064], [0.0, 0.0, 0.0, 1.0]], "RT_": [[0.3090170919895172, 0.32528045773506165, -0.8937007784843445, -1.7874015806258177], [-0.0, 0.9396926164627075, 0.3420201241970062, 0.6840402866513374], [0.9510564804077148, -0.10569006204605103, 0.2903810739517212, 0.5807619786231575], [0.0, 0.0, 0.0, 1.0]]}