{"K": [[355.0, 0.0, 128.0], [0.0, 355.0, 128.0], [0.0, 0.0, 1.0]], "RT": [[-0.5877852439880371, 0.0, -0.8090170621871948, -8.753700791354253e-08], [-0.27670010924339294, 0.9396926164627075, 0.20103436708450317, -2.791379574069887e-08], [0.760227382183075, 0.3420201539993286, -0.5523374676704407, -2.000000136555244], [0.0, 0.0, 0.0, 1.0]], "RT_": [[-0.5877852439880371, -0.27670010924339294, 0.760227382183075, 1.5204545994090657], [0.0, 0.9396926164627075, 0.3420201539993286, 0.6840402866513374], [-0.8090170621871948, 0.20103436708450317, -0.5523374676704407, -1.1046749283720414], [0.0, 0.0, 0.0, 1.0]]}