{"K": [[355.0, 0.0, 128.0], [0.0, 355.0, 128.0], [0.0, 0.0, 1.0]], "RT": [[8.645505289450739e-08, 0.0, -1.0, -1.6248235046924798e-07], [-0.3420201539993286, 0.9396926760673523, -2.9569370951776364e-08, -1.7754815827716202e-08], [0.9396926760673523, 0.3420201539993286, 8.124118267005542e-08, -2.0000001111963432], [0.0, 0.0, 0.0, 1.0]], "RT_": [[8.645505289450739e-08, -0.3420201539993286, 0.9396926760673523, 1.8793852415718169], [0.0, 0.9396926760673523, 0.3420201539993286, 0.6840402866513374], [-1.0, -2.9569370951776364e-08, 8.124118267005542e-08, 0.0], [0.0, 0.0, 0.0, 1.0]]}