{"K": [[355.0, 0.0, 128.0], [0.0, 355.0, 128.0], [0.0, 0.0, 1.0]], "RT": [[-0.3090169131755829, 0.0, 0.9510565996170044, 1.935260351935867e-07], [0.3252805173397064, 0.9396926760673523, 0.10569000989198685, 2.6040723214303964e-09], [-0.8937008380889893, 0.3420201539993286, -0.29038092494010925, -2.000000055311753], [0.0, 0.0, 0.0, 1.0]], "RT_": [[-0.3090169131755829, 0.3252805173397064, -0.8937008380889893, -1.7874015806258179], [0.0, 0.9396926760673523, 0.3420201539993286, 0.6840402866513374], [0.9510565996170044, 0.10569000989198685, -0.29038092494010925, -0.580761978623157], [0.0, 0.0, 0.0, 1.0]]}